,Player,c,eo,ed,np,yos,min_eligible
0,Joel Embiid,0.38705162601626014,1.188,1.092,71.44117647058823,7.0,0
1,Shai Gilgeous-Alexander,0.34846480325203255,1.205,1.093,73.46666666666667,5.0,0
2,Giannis Antetokounmpo,0.371057593495935,1.194,1.125,74.7457627118644,10.0,0
3,Luka Dončić,0.3257253658536585,1.186,1.147,79.31481481481481,5.0,0
4,Nikola Jokić,0.38705162601626014,1.204,1.105,70.06666666666666,8.0,0
5,Donovan Mitchell,0.308396693379791,1.158,1.058,74.61702127659575,6.0,0
6,Tyrese Haliburton,0.2932514854819977,1.198,1.158,69.44,3.0,0
7,Kawhi Leonard,0.371057593495935,1.175,1.09,70.76363636363637,11.0,0
8,LeBron James,0.38705162601626014,1.149,1.126,74.0,20.0,0
9,Jayson Tatum,0.28258140418118466,1.204,1.087,74.10344827586206,6.0,0
10,Paul George,0.371057593495935,1.199,1.103,69.27272727272727,13.0,0
11,Derrick White,0.28037756910569106,1.216,1.077,67.40350877192982,6.0,0
12,Kevin Durant,0.38739376422764227,1.17,1.12,78.47272727272727,15.0,0
13,Devin Booker,0.29281463414634146,1.1840000000000002,1.127,74.92,8.0,0
14,Anthony Edwards,0.2669408524970964,1.1520000000000001,1.0590000000000002,71.49152542372882,3.0,0
15,Jalen Brunson,0.2986283565621371,1.172,1.126,72.03508771929825,5.0,0
16,Kristaps Porziņģis,0.29576485714285716,1.204,1.08,62.666666666666664,7.0,0
17,Stephen Curry,0.42207817073170734,1.162,1.157,70.56140350877193,14.0,0
18,Damian Lillard,0.371057593495935,1.1840000000000002,1.1059999999999999,75.01754385964912,11.0,0
19,Jimmy Butler,0.36734926829268294,1.155,1.1079999999999999,69.11904761904762,12.0,0
20,Victor Wembanyama,0.3063187909407666,1.074,1.121,62.30357142857143,0.0,0
21,James Harden,0.2897560975609756,1.196,1.126,70.25454545454545,14.0,0
22,Anthony Davis,0.33008195121951217,1.1420000000000001,1.137,75.94915254237289,11.0,0
23,De'Aaron Fox,0.2650411382113821,1.162,1.148,76.42307692307692,6.0,0
24,Kyrie Irving,0.3011141219512195,1.1840000000000002,1.1440000000000001,72.525,12.0,0
25,Chet Holmgren,0.21258234146341465,1.187,1.103,64.32786885245902,0.0,0
26,Fred VanVleet,0.33175853658536586,1.1179999999999999,1.089,76.31481481481481,7.0,0
27,Tyrese Maxey,0.15356210917537746,1.168,1.136,77.50909090909092,3.0,0
28,Lauri Markkanen,0.1403251951219512,1.176,1.17,70.31372549019608,6.0,0
29,Franz Wagner,0.14327531707317073,1.1059999999999999,1.07,68.03703703703704,2.0,0
30,Jusuf Nurkić,0.13719512195121952,1.1909999999999998,1.104,57.05172413793103,9.0,0
31,Isaiah Hartenstein,0.10059650522648081,1.167,1.104,51.839285714285715,5.0,0
32,Khris Middleton,0.2383820162601626,1.195,1.127,56.395348837209305,11.0,0
33,Jalen Williams,0.11557603600464576,1.18,1.0959999999999999,68.34545454545454,1.0,0
34,Desmond Bane,0.11762929616724739,1.061,1.127,72.35135135135135,3.0,0
35,Jaylen Brown,0.25878339024390246,1.195,1.0959999999999999,69.67857142857143,7.0,0
36,Kevin Love,0.1210375725900116,1.1520000000000001,1.093,36.1063829787234,15.0,0
38,LaMelo Ball,0.16191647735191636,1.113,1.195,69.18181818181819,3.0,0
39,Domantas Sabonis,0.24878048780487805,1.1520000000000001,1.158,74.7,7.0,0
40,Trae Young,0.3257253658536585,1.16,1.183,79.72549019607843,5.0,0
41,Alperen Şengün,0.1826667224157956,1.12,1.1179999999999999,67.11666666666666,2.0,0
42,Collin Sexton,0.2093017572590012,1.163,1.182,53.725806451612904,5.0,0
43,Karl-Anthony Towns,0.29281463414634146,1.151,1.075,67.41666666666667,8.0,0
44,Marcus Smart,0.21414401045296166,1.068,1.0659999999999998,64.45,9.0,0
45,Brandon Ingram,0.2750682926829268,1.16,1.112,68.53571428571429,7.0,0
46,Jamal Murray,0.2750682926829268,1.19,1.12,64.41304347826087,6.0,0
47,Rudy Gobert,0.3333333333333333,1.1420000000000001,1.048,68.35,10.0,0
48,Herbert Jones,0.17077034843205574,1.162,1.089,60.824561403508774,2.0,0
49,Scottie Barnes,0.15739988269454122,1.119,1.146,73.55,2.0,0
50,Alex Caruso,0.14396525087108017,1.1059999999999999,1.084,56.46153846153846,6.0,0
51,Evan Mobley,0.09874641811846689,1.0979999999999999,1.07,65.42105263157895,2.0,0
52,Draymond Green,0.1814750325203252,1.146,1.117,57.166666666666664,11.0,0
53,Aaron Gordon,0.18102586991869918,1.1840000000000002,1.107,64.85714285714286,9.0,0
54,Goga Bitadze,0.1488080325203252,1.0979999999999999,1.085,35.5,4.0,0
55,Julius Randle,0.22948682926829267,1.168,1.1320000000000001,73.1304347826087,9.0,0
56,Jarrett Allen,0.1878337944250871,1.155,1.084,64.69642857142857,6.0,0
57,Mike Conley,0.20598388269454124,1.126,1.062,58.63157894736842,16.0,0
58,Ja Morant,0.2764654471544715,1.099,1.097,75.0,4.0,0
59,Chris Paul,0.25040650406504067,1.139,1.0959999999999999,56.72222222222222,18.0,0
60,Pascal Siakam,0.30807648780487806,1.153,1.151,71.22950819672131,7.0,0
61,Michael Porter Jr.,0.2714378048780488,1.183,1.1179999999999999,65.27868852459017,4.0,0
62,Bam Adebayo,0.2650411382113821,1.0979999999999999,1.094,70.76470588235294,6.0,0
63,Zion Williamson,0.2764654471544715,1.145,1.113,65.0,3.0,0
64,Myles Turner,0.17258399883855982,1.189,1.153,58.54237288135593,8.0,0
65,Jalen Suggs,0.13966521022067363,1.107,1.105,55.36842105263158,2.0,0
66,Max Strus,0.12201124970963995,1.139,1.0659999999999998,67.01666666666667,4.0,0
67,Devin Vassell,0.09521459814169572,1.071,1.1440000000000001,69.08771929824562,3.0,0
68,Jalen Smith,0.09698579442508712,1.165,1.183,37.56818181818182,3.0,0
69,Jonathan Isaac,0.14146341463414633,1.131,1.016,30.261904761904763,4.0,0
70,Ivica Zubac,0.08888888617886179,1.161,1.104,53.875,7.0,0
71,Malcolm Brogdon,0.18292682926829268,1.097,1.131,59.64102564102564,7.0,0
72,De'Anthony Melton,0.12275525900116145,1.198,1.112,58.75,5.0,0
73,Sam Merrill,0.12774945180023228,1.1079999999999999,1.107,33.23255813953488,3.0,0
74,Jrue Holiday,0.299688674796748,1.198,1.101,68.33928571428571,14.0,0
75,Moritz Wagner,0.15221999303135889,1.128,1.105,38.15,5.0,0
76,Mikal Bridges,0.17642276422764228,1.1079999999999999,1.1340000000000001,72.66129032258064,5.0,0
77,Bogdan Bogdanović,0.1588151173054588,1.166,1.149,62.91525423728814,6.0,0
78,CJ McCollum,0.2910769837398374,1.158,1.1179999999999999,65.80434782608695,10.0,0
79,Donte DiVincenzo,0.12443455168408828,1.151,1.137,53.622950819672134,5.0,0
80,Dereck Lively II,0.12826730429732872,1.214,1.141,52.25,0.0,0
81,Wendell Carter Jr.,0.1110874668989547,1.103,1.091,53.638888888888886,5.0,0
82,Day'Ron Sharpe,0.08771853426248548,1.1420000000000001,1.085,32.28260869565217,2.0,0
83,Brook Lopez,0.2032520325203252,1.168,1.101,67.22033898305085,15.0,0
84,Mark Williams,0.12109165272938445,1.147,1.14,55.578947368421055,1.0,0
85,Mitchell Robinson,0.12749445528455283,1.145,1.141,59.095238095238095,5.0,0
86,D'Angelo Russell,0.1407129512195122,1.1520000000000001,1.131,68.22413793103448,8.0,0
87,Jaren Jackson Jr.,0.22034310569105692,1.0490000000000002,1.115,66.51851851851852,5.0,0
88,Keegan Murray,0.08959774448315913,1.147,1.1420000000000001,69.05357142857143,1.0,0
89,Andre Drummond,0.07351676655052264,1.133,1.139,35.14754098360656,11.0,0
90,Isaiah Jackson,0.06039847038327527,1.126,1.1320000000000001,30.02173913043478,2.0,0
91,Kris Dunn,0.0433250650406504,1.182,1.165,39.31481481481482,7.0,0
92,Jose Alvarado,0.06491739953542393,1.18,1.033,35.63414634146341,2.0,0
93,Jonathan Kuminga,0.06336072822299652,1.1440000000000001,1.1079999999999999,54.76271186440678,2.0,0
94,Daniel Gafford,0.10082926829268293,1.119,1.166,53.92727272727273,4.0,0
95,Tyler Herro,0.21951219512195122,1.112,1.113,69.19444444444444,4.0,0
96,Dennis Smith Jr.,0.07482184901277585,1.097,1.093,40.30434782608695,6.0,0
97,Paolo Banchero,0.09437463414634147,1.1,1.11,71.46666666666667,1.0,0
98,Trey Murphy III,0.06752022415795586,1.169,1.052,56.567567567567565,2.0,0
99,Lonnie Walker IV,0.053240245063879206,1.148,1.115,38.285714285714285,5.0,0
100,Vince Williams Jr.,0.05752615795586528,1.063,1.105,56.42,1.0,0
101,Tre Jones,0.08045392682926829,1.1079999999999999,1.131,56.8421052631579,3.0,0
102,Kentavious Caldwell-Pope,0.11955234146341463,1.208,1.102,65.10714285714286,10.0,0
103,Dean Wade,0.12819024390243902,1.13,1.022,41.73076923076923,4.0,0
104,Spencer Dinwiddie,0.17814469105691058,1.153,1.147,61.421052631578945,9.0,0
108,Darius Garland,0.2764654471544715,1.129,1.103,68.29729729729729,4.0,0
109,Tari Eason,0.18767639024390245,1.1179999999999999,1.016,45.95454545454545,1.0,0
110,Luguentz Dort,0.16767139953542393,1.198,1.1079999999999999,60.186440677966104,4.0,0
111,Dejounte Murray,0.16009046922183506,1.151,1.1840000000000002,74.77586206896552,6.0,0
112,Bradley Beal,0.3800129268292683,1.159,1.133,68.06060606060606,11.0,0
113,Nickeil Alexander-Walker,0.12915964459930313,1.131,1.053,48.096774193548384,4.0,0
114,Caris LeVert,0.14463260859465737,1.145,1.101,58.12244897959184,7.0,0
115,Isaiah Stewart,0.13383910685249711,1.104,1.139,64.15384615384616,3.0,0
116,Aaron Nesmith,0.09747837514518003,1.182,1.1540000000000001,57.388888888888886,3.0,0
117,DeMar DeRozan,0.23252032520325203,1.122,1.139,77.2542372881356,14.0,0
118,Isaac Okoro,0.1063366074332172,1.1320000000000001,1.083,54.03846153846154,3.0,0
119,Jonas Valančiūnas,0.12548780487804878,1.178,1.12,51.774193548387096,11.0,0
120,Cameron Johnson,0.20877518699186992,1.117,1.15,57.183673469387756,4.0,0
121,Malik Beasley,0.13948770034843205,1.185,1.095,63.25,7.0,0
122,Buddy Hield,0.15674667479674798,1.165,1.167,57.96825396825397,7.0,0
123,T.J. McConnell,0.13869298838559813,1.158,1.1440000000000001,38.21153846153846,8.0,0
124,Zach LaVine,0.3257253658536585,1.09,1.138,71.2,9.0,0
125,Immanuel Quickley,0.1732169094076655,1.135,1.129,58.80701754385965,3.0,0
126,Jakob Poeltl,0.16372941811846692,1.126,1.13,55.26,7.0,0
127,Tobias Harris,0.31926951219512195,1.161,1.1179999999999999,70.41818181818182,12.0,0
128,Duncan Robinson,0.14759349593495935,1.117,1.105,57.785714285714285,5.0,0
129,Coby White,0.12972133797909408,1.138,1.139,74.49180327868852,4.0,0
130,Naz Reid,0.11171901509872242,1.11,1.037,48.16129032258065,4.0,0
131,Jaden McDaniels,0.07338340301974447,1.135,1.085,58.92307692307692,3.0,0
132,Obi Toppin,0.05583505458768873,1.185,1.165,48.285714285714285,3.0,0
133,Dwight Powell,0.046218386759581884,1.172,1.1440000000000001,30.627450980392158,9.0,0
134,Deni Avdija,0.050920227642276425,1.093,1.166,62.672413793103445,3.0,0
135,Simone Fontecchio,0.05682037514518003,1.12,1.139,51.38333333333333,1.0,0
136,Walker Kessler,0.05126485133565622,1.111,1.146,49.21568627450981,1.0,0
137,Brandin Podziemski,0.07435884552845529,1.1740000000000002,1.11,56.44230769230769,0.0,0
138,Dillon Brooks,0.18396480487804878,1.103,1.111,65.28846153846153,6.0,0
139,Dario Šarić,0.10150690592334495,1.127,1.146,38.13793103448276,6.0,0
140,RJ Barrett,0.19417828455284553,1.135,1.159,66.05882352941177,4.0,0
141,Kyle Lowry,0.24132146341463415,1.104,1.109,57.30232558139535,17.0,0
142,Dante Exum,0.11002348548199768,1.2209999999999999,1.125,40.77777777777778,6.0,0
143,Russell Westbrook,0.11015379790940769,1.165,1.125,48.1551724137931,15.0,0
144,Robert Covington,0.09505941463414634,1.147,1.035,34.41379310344828,10.0,0
145,Clint Capela,0.16760975609756099,1.1340000000000001,1.169,54.22641509433962,9.0,0
146,Andrew Nembhard,0.088015,1.145,1.1320000000000001,50.08163265306123,1.0,0
147,Amen Thompson,0.11051149593495935,1.078,1.099,42.42857142857143,0.0,0
148,Luke Kennard,0.14712837398373985,1.057,1.1520000000000001,51.645161290322584,6.0,0
149,Dorian Finney-Smith,0.134798524970964,1.1179999999999999,1.1179999999999999,57.43396226415094,7.0,0
150,Terry Rozier,0.18866033333333335,1.0959999999999999,1.195,70.0909090909091,8.0,0
151,Klay Thompson,0.35137756097560974,1.14,1.166,63.719298245614034,10.0,0
152,Al Horford,0.10989966666666669,1.192,1.079,55.31372549019608,16.0,0
153,Isaiah Joe,0.09606424041811848,1.178,1.085,40.35087719298246,3.0,0
154,Neemias Queta,0.08195290360046457,1.291,1.123,24.91304347826087,2.0,0
155,Bol Bol,0.0367859349593496,1.0979999999999999,1.073,23.791666666666668,4.0,0
156,Tristan Thompson,0.04143169570267131,1.1840000000000002,1.122,25.27777777777778,12.0,0
157,Cade Cunningham,0.0898809756097561,1.088,1.172,70.76470588235294,2.0,0
158,Jalen Duren,0.07150867711962834,1.09,1.167,63.08695652173913,1.0,0
159,Tyus Jones,0.11382113821138211,1.095,1.2009999999999998,63.63934426229508,8.0,0
160,Nic Claxton,0.11378220325203252,1.081,1.135,60.65384615384615,4.0,0
161,Nikola Vučević,0.15055706504065042,1.1079999999999999,1.1320000000000001,70.23214285714286,12.0,0
162,Deandre Ayton,0.2638978699186992,1.067,1.14,64.525,5.0,0
163,Ausar Thompson,0.08662043786295007,1.071,1.125,52.65573770491803,0.0,0
164,Ryan Rollins,0.0801306318234611,1.18,0.8140000000000001,14.9,1.0,0
165,Nikola Jović,0.06534038908246226,1.155,1.072,35.111111111111114,1.0,0
166,Sam Hauser,0.03800654703832752,1.188,1.075,43.31666666666667,2.0,0
167,Payton Pritchard,0.037941297328687576,1.194,1.099,41.36065573770492,3.0,0
168,Dyson Daniels,0.04702536585365854,1.173,1.105,45.55769230769231,1.0,0
169,Grayson Allen,0.07256097560975609,1.176,1.138,69.92857142857143,5.0,0
170,Miles Bridges,0.06440081300813008,1.065,1.177,77.19607843137256,4.0,0
171,Naji Marshall,0.0547201637630662,1.185,1.08,39.96,3.0,0
172,Moses Moody,0.07769816840882694,1.114,1.103,37.26086956521739,2.0,0
173,Jaden Ivey,0.07816450987224158,1.115,1.182,59.26315789473684,1.0,0
174,Talen Horton-Tucker,0.08959349593495936,1.1179999999999999,1.161,41.64102564102564,4.0,0
175,Kyle Kuzma,0.20787139837398375,1.09,1.1909999999999998,69.1864406779661,6.0,0
176,Jabari Smith Jr.,0.08297090708478512,1.0979999999999999,1.123,66.66071428571429,1.0,0
177,Kevin Huerter,0.12739547154471545,1.165,1.148,53.05172413793103,5.0,0
178,Trayce Jackson-Davis,0.07522532752613241,1.1440000000000001,1.11,27.617021276595743,0.0,0
179,Toumani Camara,0.08954034030197446,1.0490000000000002,1.109,49.37931034482759,0.0,0
180,Malik Monk,0.08210577584204413,1.143,1.1640000000000001,55.33898305084746,6.0,0
181,Kelly Oubre Jr.,0.06658182346109175,1.122,1.151,60.333333333333336,8.0,0
182,Ben Simmons,0.30807648780487806,1.099,1.125,50.6,5.0,0
183,Jalen Johnson,0.09525075958188153,1.1440000000000001,1.153,74.25531914893617,2.0,0
184,Peyton Watson,0.10198120209059233,1.1079999999999999,1.113,37.38333333333333,1.0,0
185,Anfernee Simons,0.1959930325203252,1.081,1.186,69.86486486486487,5.0,0
186,Josh Okogie,0.08979675261324042,1.125,1.1059999999999999,35.870370370370374,5.0,0
187,Rui Hachimura,0.12797350406504066,1.1520000000000001,1.121,53.69387755102041,4.0,0
188,Aaron Wiggins,0.10874892334494775,1.155,1.089,30.051724137931036,2.0,0
189,Jerami Grant,0.2242781056910569,1.0590000000000002,1.151,69.09615384615384,9.0,0
190,Patrick Williams,0.09155252729384437,1.141,1.139,55.651162790697676,3.0,0
191,Nicolas Batum,0.09520990243902439,1.182,1.119,50.170731707317074,15.0,0
192,Saddiq Bey,0.09657942973286875,1.168,1.183,69.71666666666667,3.0,0
193,Cody Martin,0.07350950290360046,1.056,1.155,55.035714285714285,4.0,0
194,Royce O'Neale,0.07723577235772358,1.124,1.102,53.152542372881356,6.0,0
195,Dennis Schröder,0.10085365853658537,1.128,1.1520000000000001,62.435483870967744,10.0,0
196,Paul Reed,0.07714181881533101,1.138,1.135,37.52459016393443,3.0,0
197,Cason Wallace,0.07460953774680604,1.156,1.0979999999999999,43.31147540983606,0.0,0
198,Gary Trent Jr.,0.15089430894308944,1.127,1.158,56.280701754385966,5.0,0
199,Derrick Jones Jr.,0.064353556329849,1.146,1.1420000000000001,51.10526315789474,7.0,0
201,Derrick Jones Jr.,0.06990175609756097,1.146,1.1420000000000001,51.10526315789474,7.0,0
203,Santi Aldama,0.08350059465737515,1.041,1.124,51.88,2.0,0
204,Brandon Miller,0.08845853658536586,1.074,1.165,66.01818181818182,0.0,0
205,Marvin Bagley III,0.1016260162601626,1.0979999999999999,1.183,45.5,5.0,0
206,Dāvis Bertāns,0.13821138211382114,1.1079999999999999,1.09,20.708333333333332,7.0,0
207,Caleb Martin,0.07187339372822299,1.13,1.109,54.63636363636363,4.0,0
208,Mason Plumlee,0.06865465156794426,1.189,1.148,35.74074074074074,10.0,0
209,Ayo Dosunmu,0.06809152729384436,1.1079999999999999,1.1340000000000001,55.220338983050844,2.0,0
210,Cam Whitmore,0.07167954819976771,1.078,1.111,38.08571428571429,0.0,0
211,Onyeka Okongwu,0.07390027990708478,1.172,1.176,55.509433962264154,3.0,0
212,Austin Reaves,0.09768414634146341,1.135,1.1520000000000001,66.71428571428571,2.0,0
213,De'Andre Hunter,0.16332752845528456,1.1640000000000001,1.181,60.37837837837838,4.0,0
214,Gary Payton II,0.08034088153310105,1.14,1.07,34.5,7.0,0
215,Jordan McLaughlin,0.09066717305458769,1.058,0.997,19.405405405405407,4.0,0
216,Chris Boucher,0.09552845528455285,1.153,1.124,28.0625,6.0,0
217,Kenrich Williams,0.0661168025551684,1.187,1.062,30.1,5.0,0
218,Harrison Barnes,0.13821138211382114,1.1340000000000001,1.166,62.35,11.0,0
219,Precious Achiuwa,0.07951415679442508,1.119,1.109,45.32727272727273,3.0,0
220,Josh Giddey,0.08096595702671314,1.183,1.112,52.6,2.0,0
221,Kelly Olynyk,0.09914733333333334,1.107,1.175,43.9,10.0,0
222,Larry Nance Jr.,0.08434959349593496,1.133,1.07,38.63636363636363,8.0,0
223,Gary Harris,0.10569105691056911,1.123,1.105,47.41025641025641,9.0,0
224,Tre Mann,0.05812927758420441,1.041,1.089,38.625,2.0,0
225,Jarred Vanderbilt,0.04631114053426249,1.136,1.09,43.206896551724135,5.0,0
226,James Bouknight,0.057490002322880374,1.073,1.195,11.857142857142858,2.0,0
227,Aaron Holiday,0.053879642276422765,1.091,1.075,35.96551724137931,5.0,0
228,Patrick Beverley,0.0652252868757259,1.0859999999999999,1.105,39.78947368421053,11.0,0
229,Keldon Johnson,0.16260162601626016,1.077,1.166,63.93103448275862,4.0,0
230,Jalen Green,0.08041853658536585,1.104,1.126,64.32786885245902,2.0,0
231,Josh Hart,0.10536585365853658,1.1340000000000001,1.095,63.22950819672131,6.0,0
232,Quentin Grimes,0.08800357026713124,1.075,1.089,40.83673469387755,2.0,0
233,Alec Burks,0.08528130081300812,1.081,1.193,42.716981132075475,12.0,0
234,Eric Gordon,0.0776766480836237,1.156,1.123,62.09803921568628,15.0,0
235,P.J. Washington,0.13697419512195122,1.1159999999999999,1.179,62.592592592592595,4.0,0
236,Julian Champagnie,0.06559281184668989,1.11,1.147,36.092592592592595,1.0,0
237,Norman Powell,0.14634146341463414,1.163,1.117,54.13559322033898,8.0,0
238,Torrey Craig,0.07269364459930314,1.0859999999999999,1.177,42.75757575757576,6.0,0
239,Luke Kornet,0.05564042044134727,1.1740000000000002,1.117,29.636363636363637,6.0,0
240,Tim Hardaway Jr.,0.1455099837398374,1.159,1.163,61.50847457627118,10.0,0
241,Haywood Highsmith,0.06302683855981417,1.0979999999999999,1.105,42.2,3.0,0
242,Oshae Brissett,0.06880124854819977,1.175,1.1,22.425,4.0,0
243,Trendon Watford,0.07243245296167247,1.126,1.143,23.954545454545453,2.0,0
244,John Collins,0.20601626016260163,1.1320000000000001,1.207,59.46551724137931,6.0,0
245,Kevon Looney,0.06097560975609756,1.146,1.165,35.75,8.0,0
246,Cole Anthony,0.09009881184668989,1.107,1.0959999999999999,46.83606557377049,3.0,0
247,Cam Reddish,0.09009881184668989,1.107,1.114,48.0,4.0,0
248,Jaime Jaquez Jr.,0.08621960162601626,1.125,1.103,60.472727272727276,0.0,0
249,Gordon Hayward,0.25609756097560976,1.114,1.183,58.65625,13.0,0
250,Sandro Mamukelashvili,0.0740009663182346,1.089,1.073,14.303030303030303,2.0,0
251,Bruce Brown,0.17886178861788618,1.171,1.1840000000000002,60.51923076923077,5.0,0
252,Miles McBride,0.0856663693379791,1.042,1.0959999999999999,29.53061224489796,2.0,0
253,Keon Ellis,0.051403883855981415,1.196,1.146,24.228571428571428,1.0,0
254,Kyle Anderson,0.07495538211382113,1.099,1.06,46.333333333333336,9.0,0
255,Jae'Sean Tate,0.052845528455284556,1.102,1.052,35.867924528301884,3.0,0
256,Caleb Houstan,0.03368672706155633,1.102,1.112,29.711111111111112,1.0,0
257,Cam Thomas,0.04079418350754936,1.1059999999999999,1.157,62.6875,2.0,0
258,Sasha Vezenkov,0.05155661788617886,1.128,1.13,26.82857142857143,0.0,0
259,Jae Crowder,0.03823924041811847,1.12,1.149,52.354838709677416,11.0,0
260,Danilo Gallinari,0.05530853658536585,1.114,1.197,30.289473684210527,13.0,0
261,Nick Richards,0.05598551916376306,1.048,1.175,53.40384615384615,3.0,0
262,Cameron Payne,0.08050804297328687,1.139,1.147,33.473684210526315,8.0,0
264,Cameron Payne,0.08768041927990709,1.139,1.147,33.473684210526315,8.0,0
266,Joe Ingles,0.10705867595818816,1.141,1.111,36.229166666666664,9.0,0
267,Jordan Poole,0.22321428455284553,1.088,1.187,64.44067796610169,4.0,0
268,Delon Wright,0.10589293147502903,1.081,1.127,30.305555555555557,8.0,0
269,Jordan Clarkson,0.19095633333333334,1.125,1.19,64.31372549019608,9.0,0
270,Trey Lyles,0.09217648896631822,1.168,1.125,41.77777777777778,8.0,0
271,Taurean Prince,0.08003321718931476,1.126,1.16,61.71666666666667,7.0,0
272,Reggie Jackson,0.07530531707317074,1.1179999999999999,1.121,47.225806451612904,12.0,0
273,Christian Wood,0.051073506387921026,1.105,1.0859999999999999,36.98,7.0,0
274,Markelle Fultz,0.13821138211382114,1.08,1.073,47.76,6.0,0
275,Chris Duarte,0.0720501881533101,1.115,1.137,27.27906976744186,2.0,0
276,Marcus Sasser,0.06743867015098723,1.107,1.175,35.0,0.0,0
277,Terance Mann,0.08599124390243902,1.173,1.149,51.370370370370374,4.0,0
278,Bojan Bogdanović,0.16260162601626016,1.089,1.219,65.27027027027027,9.0,0
280,Vasilije Micić,0.07595396747967478,1.123,1.073,31.0,0.0,0
281,Landry Shamet,0.08333333333333333,1.097,1.194,34.63636363636363,5.0,0
282,Matisse Thybulle,0.08536585365853659,1.068,1.135,48.21052631578947,4.0,0
283,Jeremy Sochan,0.053280896631823456,1.0659999999999998,1.146,62.79032258064516,1.0,0
284,Anthony Black,0.058906341463414634,1.068,1.078,38.55357142857143,0.0,0
285,Lamar Stevens,0.04044174216027875,1.0190000000000001,1.016,22.75,3.0,0
287,Lamar Stevens,0.035579721254355406,1.0190000000000001,1.016,22.75,3.0,0
289,Derrick Rose,0.03164352613240418,1.036,1.063,35.166666666666664,14.0,0
290,Corey Kispert,0.03026048780487805,1.08,1.185,49.74576271186441,2.0,0
291,Shaedon Sharpe,0.05133170731707317,1.036,1.14,68.4375,1.0,0
292,Jordan Goodwin,0.04785586295005807,1.0659999999999998,1.112,32.355555555555554,2.0,0
294,Jordan Goodwin,0.050826873403019744,1.0659999999999998,1.112,32.355555555555554,2.0,0
296,Bobby Portis,0.09520990243902439,1.167,1.16,50.66129032258065,8.0,0
297,Grant Williams,0.10085365853658537,1.114,1.138,56.56896551724138,4.0,0
302,Jaylin Williams,0.07318196515679443,1.165,1.0590000000000002,26.42,1.0,0
303,Josh Green,0.06596416724738677,1.175,1.178,57.53061224489796,3.0,0
304,Andrew Wiggins,0.19780778048780487,1.143,1.167,57.35294117647059,9.0,0
305,Thaddeus Young,0.06504065040650407,1.17,1.197,31.0,16.0,0
306,Jevon Carter,0.06434730197444831,1.078,1.09,27.775862068965516,5.0,0
307,Lindy Waters III,0.061832390243902434,1.058,1.099,14.115384615384615,2.0,0
308,Jock Landale,0.06504065040650407,1.0859999999999999,1.021,19.514285714285716,2.0,0
309,Dalen Terry,0.02941583855981417,1.138,1.0959999999999999,20.85,1.0,0
310,Charles Bassey,0.024951422764227644,1.0590000000000002,1.171,23.94736842105263,2.0,0
311,Alex Len,0.02605916840882694,1.185,1.018,18.615384615384617,10.0,1
312,John Konchar,0.01951219512195122,1.036,1.103,40.765957446808514,4.0,1
313,Drew Eubanks,0.02529139605110337,1.074,1.127,33.07142857142857,5.0,0
314,Jabari Walker,0.03234134030197445,1.064,1.163,45.42857142857143,1.0,0
315,DeAndre Jordan,0.03425418699186992,1.058,1.1520000000000001,22.82758620689655,15.0,0
316,Daniel Theis,0.07048782113821138,1.158,1.127,36.22222222222222,6.0,0
320,Amir Coffey,0.05083323925667828,1.161,1.175,40.166666666666664,4.0,0
321,Jarace Walker,0.050833239256678285,1.166,1.156,22.047619047619047,0.0,0
322,Bruno Fernando,0.04583675609756098,1.08,1.1079999999999999,23.625,4.0,0
323,Devonte' Graham,0.0983739837398374,1.176,1.003,18.083333333333332,5.0,0
324,Mo Bamba,0.04552474796747968,1.069,1.111,22.897435897435898,5.0,0
325,JaVale McGee,0.04174913821138211,1.0979999999999999,1.126,17.641025641025642,15.0,0
327,JaVale McGee,0.04109662253193961,1.0979999999999999,1.126,17.641025641025642,15.0,0
329,Zach Collins,0.06260162601626017,1.051,1.1740000000000002,49.44,5.0,0
330,Keon Johnson,0.037844773519163766,1.2329999999999999,1.439,25.75,2.0,0
331,Cody Zeller,0.03571832752613241,1.161,1.07,16.846153846153847,10.0,0
332,Jeff Green,0.07804878048780488,1.084,1.112,34.47457627118644,15.0,0
333,Jaden Hardy,0.02588429965156794,1.104,1.141,31.509090909090908,1.0,0
334,Ben Sheppard,0.02513665737514518,1.179,1.173,26.0,0.0,0
335,Skylar Mays,0.044692333333333334,1.026,1.168,27.870967741935484,3.0,0
336,Orlando Robinson,0.03554002671312427,1.1340000000000001,1.104,20.703703703703702,1.0,0
337,Jaxson Hayes,0.03912926713124274,1.111,1.139,24.01923076923077,4.0,0
338,Evan Fournier,0.1533101056910569,0.976,1.077,37.416666666666664,11.0,0
339,Bryce McGowens,0.04209497793263647,1.053,1.161,32.93877551020408,1.0,0
340,Ziaire Williams,0.04464809175377469,1.011,1.126,42.27450980392157,2.0,0
341,Keyonte George,0.04555880023228804,1.099,1.178,53.785714285714285,0.0,0
342,Jordan Nwora,0.025977029036004646,1.085,1.193,24.545454545454547,3.0,0
343,Seth Curry,0.032520325203252036,1.103,1.074,29.568181818181817,9.0,0
344,Christian Braun,0.03095919163763066,1.093,1.1059999999999999,39.516129032258064,1.0,0
345,Anthony Gill,0.0350522868757259,1.204,1.0190000000000001,12.125,3.0,0
346,Moses Brown,0.0342934181184669,1.0070000000000001,1.2,17.666666666666668,4.0,0
347,Georges Niang,0.07154471544715447,1.138,1.1179999999999999,44.08196721311475,7.0,0
348,Killian Hayes,0.06027605691056911,1.064,1.168,51.166666666666664,3.0,0
349,Keita Bates-Diop,0.04420047038327526,1.105,1.146,28.21276595744681,5.0,0
350,Bennedict Mathurin,0.05622829268292683,1.14,1.165,56.42372881355932,1.0,0
351,Nassir Little,0.0508130081300813,1.06,1.111,26.41176470588235,4.0,0
352,Danuel House Jr.,0.03504268292682927,1.0979999999999999,1.085,31.676470588235293,7.0,0
353,Damian Jones,0.03134110452961673,0.973,1.173,11.96,7.0,0
354,Ousmane Dieng,0.03901170731707317,1.1,1.079,23.275862068965516,1.0,0
356,Justin Holiday,0.021753419279907087,1.1440000000000001,1.123,30.13157894736842,10.0,1
357,Chimezie Metu,0.026552695702671315,1.113,1.1340000000000001,25.513513513513512,5.0,0
358,Josh Richardson,0.02829666782810685,1.084,1.124,52.72093023255814,8.0,0
359,Jordan Hawkins,0.035041951219512195,1.13,1.141,41.2,0.0,0
360,Cedi Osman,0.054624731707317076,1.068,1.203,38.45161290322581,6.0,0
361,Otto Porter Jr.,0.05121951219512195,1.103,1.092,25.066666666666666,10.0,0
362,Kris Murray,0.033122948896631824,1.062,1.1059999999999999,33.1,0.0,0
363,Josh Minott,0.04219296051103368,1.034,1.021,6.9523809523809526,1.0,0
364,Thomas Bryant,0.036735195121951225,1.099,1.153,21.076923076923077,6.0,0
365,Kobe Bufkin,0.035887250871080134,1.061,1.0190000000000001,21.333333333333332,0.0,0
366,James Wiseman,0.0985320325203252,1.075,1.19,31.166666666666668,2.0,0
367,Wesley Matthews,0.03770671893147503,1.091,1.156,23.59090909090909,14.0,0
368,Taylor Hendricks,0.04528390243902439,1.1079999999999999,1.136,37.391304347826086,0.0,0
369,Ochai Agbaji,0.03628210452961672,1.102,1.167,40.34426229508197,1.0,0
370,Svi Mykhailiuk,0.023506405342624857,1.131,1.063,16.576923076923077,5.0,0
371,Noah Clowney,0.025118048780487803,1.1159999999999999,1.294,21.285714285714285,0.0,0
372,Bones Hyland,0.030774887340301975,1.079,1.135,27.954545454545453,2.0,0
373,Rayan Rupert,0.03737967944250871,1.023,1.1179999999999999,17.36842105263158,0.0,0
374,Dru Smith,0.037017817653890825,0.98,1.104,30.11111111111111,1.0,0
375,Richaun Holmes,0.0979351219512195,1.078,1.139,22.548387096774192,8.0,0
376,Monte Morris,0.07968232520325204,1.102,1.041,30.375,6.0,0
377,Jalen Pickett,0.037076722415795585,1.055,1.115,10.9,0.0,0
378,Tosan Evbuomwan,0.03769919744483159,1.01,1.179,30.333333333333332,0.0,0
379,Julian Strawther,0.03967826829268293,1.057,1.175,26.923076923076923,0.0,0
380,Troy Brown Jr.,0.033296566782810684,1.105,1.122,24.348837209302324,5.0,0
382,Doug McDermott,0.11178861788617886,1.085,1.2,32.0,9.0,0
383,Zeke Nnaji,0.04253555284552846,1.012,1.156,19.97872340425532,3.0,0
384,Jake LaRavia,0.041046865272938445,0.9740000000000001,1.0759999999999998,30.88235294117647,1.0,0
385,Jaden Springer,0.05052686527293845,1.0959999999999999,1.148,22.27027027027027,2.0,0
386,Patty Mills,0.05530853658536585,1.084,1.143,22.789473684210527,14.0,0
387,David Roddy,0.03424711033681765,1.033,1.133,44.388888888888886,1.0,0
388,Gabe Vincent,0.08536585365853659,1.008,1.034,53.8,4.0,0
389,Dalano Banton,0.04478583275261323,1.1,1.1440000000000001,21.12121212121212,2.0,0
390,Terry Taylor,0.039230380952380954,1.0859999999999999,1.081,14.608695652173912,2.0,0
391,Maxi Kleber,0.08943089430894309,1.169,1.138,46.68,6.0,0
392,Mike Muscala,0.03199267711962834,1.0859999999999999,1.157,29.342105263157894,10.0,0
393,Garrett Temple,0.031886045296167245,1.044,1.157,9.625,13.0,0
394,Chuma Okeke,0.04281880487804878,1.032,1.071,21.43243243243243,3.0,0
395,Max Christie,0.021912560975609757,1.113,1.1079999999999999,35.53061224489796,1.0,0
396,Jericho Sims,0.02017040069686411,1.0759999999999998,1.112,25.857142857142858,2.0,0
397,Blake Wesley,0.020362926829268293,1.074,1.1520000000000001,28.4390243902439,1.0,0
398,Kessler Edwards,0.016399196283391405,1.0390000000000001,1.0590000000000002,10.384615384615385,2.0,1
399,Garrison Mathews,0.016260162601626018,1.0979999999999999,1.145,27.4,4.0,1
400,Cory Joseph,0.017961133565621373,1.1540000000000001,1.172,24.346153846153847,12.0,1
401,Robin Lopez,0.02128950754936121,1.018,1.14,8.9375,15.0,1
402,Andre Jackson Jr.,0.029995631823461093,1.157,1.197,22.72340425531915,0.0,0
403,Malachi Flynn,0.0314880081300813,1.057,1.124,24.173076923076923,3.0,0
404,Furkan Korkmaz,0.043661544715447156,1.163,1.114,18.65714285714286,6.0,0
405,Pat Connaughton,0.07661682113821139,1.156,1.169,45.92857142857143,8.0,0
406,MarJon Beauchamp,0.04354390708478513,1.139,1.138,28.613636363636363,1.0,0
407,Bilal Coulibaly,0.05377463414634146,1.065,1.165,57.771929824561404,0.0,0
408,Gradey Dick,0.04545685481997678,1.065,1.168,35.24390243902439,0.0,0
409,Davion Mitchell,0.04116780487804878,1.09,1.15,28.34,2.0,0
410,Scoot Henderson,0.07943804878048781,1.064,1.183,55.97674418604651,0.0,0
411,Chris Livingston,0.026952451800232292,1.179,1.205,9.3125,0.0,0
412,Brandon Boston Jr.,0.023815838559814173,1.041,1.208,14.421052631578947,2.0,0
417,JT Thor,0.024372065040650405,1.068,1.12,26.5531914893617,2.0,0
418,P.J. Tucker,0.08954878048780487,1.097,1.101,31.0,12.0,0
419,Yuta Watanabe,0.029881970963995353,1.068,1.1520000000000001,28.5,5.0,0
420,Malaki Branham,0.0317716387921022,1.064,1.185,44.49122807017544,1.0,0
421,Shake Milton,0.04065040650406504,1.057,1.105,28.714285714285715,5.0,0
422,Colby Jones,0.022883234610917538,1.102,1.094,14.588235294117647,0.0,0
423,Luka Šamanić,0.02250355052264808,1.089,1.097,14.033333333333333,3.0,0
424,Olivier-Maxence Prosper,0.025581641114982574,1.069,1.155,17.363636363636363,0.0,0
425,Nick Smith Jr.,0.04292028339140535,1.002,1.168,31.37837837837838,0.0,0
426,Thanasis Antetokounmpo,0.042707031358885025,1.04,1.126,10.038461538461538,5.0,0
427,Kira Lewis Jr.,0.046521268292682924,1.0070000000000001,1.036,17.36842105263158,3.0,0
428,Joe Harris,0.1620209024390244,1.074,1.208,23.1875,9.0,0
429,Isaiah Livers,0.042262619047619056,1.061,1.2409999999999999,43.95652173913044,2.0,0
430,Markieff Morris,0.0417751556329849,1.0490000000000002,1.165,19.11111111111111,12.0,0
431,Kobe Brown,0.040947649245063875,1.123,1.188,17.87878787878788,0.0,0
432,Brice Sensabaugh,0.02070231242740999,1.156,1.216,19.75,0.0,0
433,Julian Phillips,0.0214703031358885,1.14,1.133,15.542857142857143,0.0,0
434,Aleksej Pokusevski,0.040728723577235774,1.05,1.189,12.8,3.0,0
435,Taj Gibson,0.022122621370499418,1.046,1.114,21.5625,14.0,1
439,Taj Gibson,0.02253075145180023,1.046,1.114,21.5625,14.0,1
443,Taj Gibson,0.025917511033681766,1.046,1.114,21.5625,14.0,1
447,Taj Gibson,0.024411456445993036,1.046,1.114,21.5625,14.0,1
451,Omer Yurtseven,0.027377152148664347,1.037,1.166,19.181818181818183,2.0,0
452,Jalen McDaniels,0.036715447154471545,1.043,1.137,18.228571428571428,4.0,0
453,AJ Griffin,0.030186341463414635,1.115,1.2,16.555555555555557,1.0,0
454,Johnny Davis,0.04106341463414634,1.024,1.1,21.666666666666668,1.0,0
456,Maxwell Lewis,0.025362648780487808,0.778,1.114,7.857142857142857,0.0,0
457,Jalen Hood-Schifino,0.030040975609756097,0.914,1.149,11.65,0.0,0
